,precision,recall,f1-score,support
negative,0.9817017383348582,0.9799086757990868,0.9808043875685558,1095.0
neutral,0.9524361948955916,0.9647473560517039,0.9585522475189726,851.0
positive,0.9846889952153111,0.976280834914611,0.9804668889947594,1054.0
accuracy,0.9743333333333334,0.9743333333333334,0.9743333333333334,0.9743333333333334
macro avg,0.9729423094819203,0.973645622255134,0.9732745080274293,3000.0
weighted avg,0.9744496020965853,0.9743333333333334,0.9743736226755636,3000.0
