,precision,recall,f1-score,support
negative,0.9757194244604317,0.9908675799086758,0.983235160851835,1095.0
neutral,0.9714285714285714,0.9588719153936546,0.9651094027202839,851.0
positive,0.9837786259541985,0.9781783681214421,0.9809705042816366,1054.0
accuracy,0.9773333333333334,0.9773333333333334,0.9773333333333334,0.9773333333333334
macro avg,0.9769755406144004,0.9759726211412575,0.9764383559512518,3000.0
weighted avg,0.9773337186085373,0.9773333333333334,0.9772978381201887,3000.0
