,precision,recall,f1-score,support
negative,0.9703770197486535,0.9872146118721461,0.9787234042553191,1095.0
neutral,0.9630952380952381,0.9506462984723855,0.9568302779420461,851.0
positive,0.982791586998088,0.9753320683111955,0.979047619047619,1054.0
accuracy,0.9726666666666667,0.9726666666666667,0.9726666666666667,0.9726666666666667
macro avg,0.9720879482806599,0.9710643262185755,0.9715337670816614,3000.0
weighted avg,0.9726730723132693,0.9726666666666667,0.9726269615548153,3000.0
